<?xml version="1.0" encoding="UTF-8"?>
<project-private xmlns="http://www.netbeans.org/ns/project-private/1">
    <editor-bookmarks xmlns="http://www.netbeans.org/ns/editor-bookmarks/2" lastBookmarkId="0"/>
    <open-files xmlns="http://www.netbeans.org/ns/projectui-open-files/2">
        <group>
            <file>file:/C:/Users/Shelani%20Wijesekera/Documents/NetBeansProjects/MyProject/src/com/timetablemanager/database/QueriesOfWorkingDays.java</file>
            <file>file:/C:/Users/Shelani%20Wijesekera/Documents/NetBeansProjects/MyProject/src/com/timetablemanager/controllers/MainController.java</file>
            <file>file:/C:/Users/Shelani%20Wijesekera/Documents/NetBeansProjects/MyProject/src/com/timetablemanager/controllers/WorkingDayHourController.java</file>
            <file>file:/C:/Users/Shelani%20Wijesekera/Documents/NetBeansProjects/MyProject/src/com/timetablemanager/database/DatabaseHandler.java</file>
        </group>
    </open-files>
</project-private>
